transaction_id,timestamp,amount,merchant,location,payment_method,fraud
1,2024-10-22,844.5,Starbucks,Seattle,Mobile Pay,1
2,2025-05-25,976.64,Best Buy,Boston,Mobile Pay,0
3,2024-10-10,1550.73,Target,Los Angeles,Credit Card,0
4,2025-10-31,1339.16,Walmart,Los Angeles,Online Payment,0
5,2025-08-30,520.27,Walmart,Miami,Credit Card,0
6,2025-03-23,1261.07,Netflix,Boston,Credit Card,0
7,2025-05-24,1035.12,Uber,Los Angeles,Online Payment,0
8,2026-02-25,1290.0,Amazon,Los Angeles,Credit Card,0
9,2025-07-28,880.42,Apple Store,Los Angeles,Debit Card,0
10,2025-07-20,719.08,Best Buy,New York,Online Payment,0
11,2024-11-09,1140.56,Apple Store,Seattle,Mobile Pay,0
12,2025-10-04,277.92,Best Buy,Seattle,Debit Card,0
13,2025-03-29,1716.16,Walmart,Dallas,Online Payment,0
14,2025-08-09,358.4,eBay,Dallas,Credit Card,0
15,2024-02-23,326.71,Best Buy,San Francisco,Credit Card,1
16,2026-03-04,1360.38,Apple Store,Dallas,Debit Card,0
17,2025-09-03,1498.01,Walmart,Boston,Mobile Pay,0
18,2025-11-23,1912.1,Walmart,Seattle,Online Payment,0
19,2024-07-13,1359.67,Amazon,Dallas,Online Payment,0
20,2025-01-20,415.77,Best Buy,Miami,Credit Card,0
21,2024-05-07,1400.46,Walmart,Seattle,Credit Card,0
22,2025-03-02,1039.88,Amazon,Los Angeles,Online Payment,0
23,2024-06-06,1386.53,Starbucks,Los Angeles,Debit Card,0
24,2026-02-19,894.34,Uber,Boston,Debit Card,0
25,2024-10-18,1943.73,Starbucks,Boston,Debit Card,0
26,2024-10-06,862.99,Amazon,Seattle,Debit Card,0
27,2025-07-20,1841.81,Amazon,Chicago,Credit Card,0
28,2025-08-13,1195.45,Netflix,Chicago,Online Payment,0
29,2024-11-23,250.29,Uber,Seattle,Credit Card,0
30,2024-03-01,665.88,Best Buy,Boston,Debit Card,0
31,2024-07-30,701.06,Uber,San Francisco,Credit Card,0
32,2024-09-16,1195.67,eBay,San Francisco,Mobile Pay,0
33,2025-03-02,623.91,Amazon,Chicago,Credit Card,0
34,2026-01-29,520.56,Apple Store,Seattle,Credit Card,0
35,2024-08-27,354.08,Uber,Boston,Debit Card,0
36,2024-12-11,122.41,Amazon,Seattle,Online Payment,0
37,2024-06-06,1955.32,Starbucks,New York,Mobile Pay,0
38,2024-01-18,86.21,Netflix,New York,Debit Card,0
39,2025-04-21,966.01,Target,San Francisco,Online Payment,0
40,2024-08-24,296.3,eBay,New York,Debit Card,0
41,2024-08-02,11.09,Netflix,Chicago,Credit Card,0
42,2024-02-06,949.53,eBay,Chicago,Credit Card,0
43,2024-02-12,686.52,Apple Store,Chicago,Mobile Pay,0
44,2025-02-03,1308.46,Starbucks,Los Angeles,Credit Card,0
45,2024-07-26,1678.53,Walmart,San Francisco,Debit Card,0
46,2024-04-20,1693.33,Starbucks,New York,Mobile Pay,0
47,2024-06-26,1038.53,Netflix,New York,Online Payment,0
48,2024-04-14,1862.04,Apple Store,Chicago,Credit Card,1
49,2026-03-29,1884.6,Netflix,Chicago,Debit Card,0
50,2025-09-09,1786.46,Walmart,Chicago,Online Payment,0
51,2025-01-31,206.37,Apple Store,New York,Credit Card,1
52,2025-12-25,1053.49,Target,New York,Online Payment,0
53,2024-01-12,868.07,Walmart,Miami,Online Payment,0
54,2026-02-27,793.26,Target,San Francisco,Credit Card,0
55,2025-01-02,459.78,Walmart,New York,Debit Card,0
56,2024-02-29,554.55,Uber,Seattle,Debit Card,0
57,2024-01-28,938.5,Best Buy,Seattle,Debit Card,0
58,2024-07-30,757.72,eBay,Miami,Credit Card,0
59,2025-09-19,743.65,Uber,Miami,Online Payment,0
60,2026-03-20,1439.04,Uber,Miami,Credit Card,0
61,2025-08-05,862.52,Best Buy,Miami,Mobile Pay,0
62,2025-05-02,1753.39,Apple Store,Dallas,Credit Card,1
63,2025-04-06,535.7,Apple Store,Chicago,Online Payment,0
64,2024-10-21,719.12,Best Buy,Los Angeles,Mobile Pay,0
65,2024-01-19,192.24,Walmart,Chicago,Mobile Pay,0
66,2025-11-17,154.64,eBay,San Francisco,Debit Card,0
67,2025-05-12,67.14,eBay,San Francisco,Debit Card,0
68,2024-05-21,1946.65,Apple Store,Los Angeles,Credit Card,0
69,2025-10-09,1771.11,Best Buy,Dallas,Debit Card,0
70,2024-02-13,1265.81,Starbucks,New York,Mobile Pay,0
71,2025-09-10,308.49,Starbucks,Miami,Mobile Pay,0
72,2025-10-09,524.54,Netflix,Seattle,Credit Card,1
73,2024-05-23,981.33,Apple Store,Seattle,Credit Card,1
74,2025-07-25,1370.6,Best Buy,Miami,Mobile Pay,0
75,2025-12-18,14.98,eBay,Los Angeles,Mobile Pay,0
76,2025-10-22,309.43,Starbucks,Chicago,Online Payment,0
77,2024-04-29,688.78,Apple Store,Los Angeles,Online Payment,0
78,2024-10-08,820.99,eBay,Chicago,Mobile Pay,0
79,2026-02-18,1696.97,Target,New York,Mobile Pay,0
80,2025-05-07,747.01,Walmart,Los Angeles,Debit Card,0
81,2024-09-10,1975.76,Amazon,New York,Mobile Pay,0
82,2026-01-26,1434.33,Apple Store,Boston,Mobile Pay,0
83,2025-05-03,83.18,Apple Store,Boston,Online Payment,1
84,2026-01-05,974.85,Target,New York,Mobile Pay,1
85,2025-01-30,1128.14,eBay,Los Angeles,Credit Card,1
86,2024-06-28,1561.88,Uber,Los Angeles,Mobile Pay,0
87,2024-07-10,1530.03,Target,Boston,Credit Card,1
88,2026-01-08,620.79,Walmart,New York,Credit Card,0
89,2025-08-03,508.79,Target,Miami,Credit Card,0
90,2025-06-24,1636.35,Amazon,Dallas,Online Payment,0
91,2024-05-24,1425.37,Starbucks,Los Angeles,Online Payment,0
92,2025-10-13,493.94,Apple Store,Chicago,Online Payment,1
93,2026-02-05,734.8,Netflix,Dallas,Mobile Pay,0
94,2025-02-04,1097.11,Amazon,Dallas,Online Payment,0
95,2025-08-01,1651.2,Apple Store,Los Angeles,Debit Card,0
96,2025-06-06,344.89,Apple Store,Seattle,Credit Card,0
97,2025-06-08,215.54,Apple Store,Boston,Online Payment,0
98,2025-08-12,1537.35,Walmart,Dallas,Credit Card,1
99,2026-03-10,721.03,Target,Seattle,Mobile Pay,0
100,2024-10-15,833.05,Uber,Seattle,Online Payment,0
101,2025-09-05,1086.37,Amazon,San Francisco,Online Payment,0
102,2026-01-22,30.46,Apple Store,Los Angeles,Mobile Pay,1
103,2025-03-16,1697.19,Target,Boston,Online Payment,0
104,2024-04-17,640.53,eBay,Miami,Credit Card,0
105,2025-08-08,1585.73,Target,Chicago,Debit Card,0
106,2024-02-13,1819.26,Walmart,Seattle,Debit Card,0
107,2024-10-16,1591.68,Apple Store,Los Angeles,Mobile Pay,0
108,2025-01-17,580.92,Best Buy,Los Angeles,Credit Card,0
109,2025-04-28,463.44,Apple Store,New York,Online Payment,0
110,2025-02-08,1636.89,Target,Los Angeles,Debit Card,0
111,2025-06-18,1913.59,Target,Los Angeles,Credit Card,0
112,2024-05-11,1138.66,Netflix,Los Angeles,Debit Card,0
113,2024-05-28,831.7,Uber,New York,Mobile Pay,0
114,2025-12-05,1738.49,Netflix,Miami,Credit Card,0
115,2024-09-25,1567.11,Apple Store,New York,Debit Card,0
116,2026-02-28,1780.58,Netflix,Seattle,Debit Card,0
117,2024-01-30,1192.35,Starbucks,San Francisco,Debit Card,1
118,2024-06-21,490.15,Netflix,Chicago,Credit Card,0
119,2024-10-29,251.44,Amazon,Dallas,Debit Card,0
120,2024-01-18,819.03,Target,Boston,Credit Card,0
121,2024-11-15,1628.15,eBay,Miami,Credit Card,0
122,2026-02-07,1582.52,eBay,Los Angeles,Online Payment,0
123,2025-02-04,529.42,Target,San Francisco,Credit Card,1
124,2024-03-20,1387.2,Netflix,San Francisco,Mobile Pay,0
125,2024-08-19,1498.14,Amazon,San Francisco,Online Payment,0
126,2024-10-29,1812.33,Starbucks,Boston,Mobile Pay,0
127,2025-12-13,557.73,Walmart,Chicago,Credit Card,0
128,2024-07-04,610.06,Apple Store,Chicago,Mobile Pay,0
129,2024-05-22,1315.93,eBay,Boston,Mobile Pay,0
130,2026-03-23,604.47,Uber,Chicago,Mobile Pay,0
131,2026-01-08,1984.01,Target,Los Angeles,Online Payment,0
132,2024-10-02,497.19,Amazon,Seattle,Credit Card,0
133,2024-04-20,87.06,Best Buy,Miami,Credit Card,0
134,2025-11-13,476.58,Best Buy,Miami,Debit Card,0
135,2026-02-10,250.39,Target,Miami,Debit Card,0
136,2024-06-12,1030.38,Netflix,San Francisco,Mobile Pay,1
137,2026-01-13,1055.06,Apple Store,San Francisco,Debit Card,0
138,2025-02-13,1850.05,Amazon,Dallas,Online Payment,0
139,2024-05-28,952.46,Target,Dallas,Credit Card,0
140,2025-07-14,232.66,eBay,San Francisco,Debit Card,1
141,2025-07-28,1598.1,Best Buy,Boston,Online Payment,0
142,2024-12-21,275.37,Netflix,Seattle,Mobile Pay,0
143,2024-07-30,1342.43,Netflix,Chicago,Debit Card,0
144,2024-12-31,770.53,Amazon,San Francisco,Mobile Pay,0
145,2024-11-18,692.26,Walmart,Dallas,Credit Card,0
146,2025-12-23,580.12,Target,Dallas,Online Payment,0
147,2024-10-22,46.76,Starbucks,Seattle,Online Payment,0
148,2024-06-18,1060.68,Amazon,Los Angeles,Mobile Pay,0
149,2024-08-14,1581.59,Netflix,Boston,Credit Card,0
150,2025-02-06,1924.72,eBay,San Francisco,Credit Card,0
151,2024-07-02,759.12,Starbucks,Miami,Online Payment,0
152,2024-01-03,1447.38,eBay,Boston,Online Payment,0
153,2026-03-25,1211.45,Apple Store,Dallas,Mobile Pay,1
154,2024-06-21,905.04,Netflix,Dallas,Mobile Pay,0
155,2026-03-01,1740.1,Walmart,New York,Debit Card,1
156,2026-02-09,744.41,Uber,New York,Debit Card,0
157,2026-03-16,444.1,Amazon,New York,Credit Card,0
158,2025-08-18,471.54,Best Buy,San Francisco,Online Payment,0
159,2025-02-10,697.97,Netflix,Los Angeles,Credit Card,0
160,2024-09-19,565.24,Uber,New York,Debit Card,0
161,2024-12-12,1964.94,eBay,Dallas,Credit Card,0
162,2025-10-19,1807.16,Starbucks,Miami,Mobile Pay,0
163,2025-03-06,902.52,Apple Store,Dallas,Mobile Pay,0
164,2026-03-30,1502.57,Amazon,Miami,Mobile Pay,0
165,2024-11-06,1814.58,Best Buy,Seattle,Credit Card,0
166,2024-05-05,1838.86,Best Buy,San Francisco,Debit Card,0
167,2026-01-24,1012.8,Netflix,Dallas,Credit Card,0
168,2024-04-28,717.61,Best Buy,Seattle,Mobile Pay,0
169,2024-01-20,502.96,Starbucks,New York,Credit Card,1
170,2025-06-10,354.14,Apple Store,Dallas,Online Payment,0
171,2024-11-07,833.97,Apple Store,Los Angeles,Mobile Pay,0
172,2025-02-24,325.13,Target,Boston,Debit Card,0
173,2025-05-15,501.45,Apple Store,Dallas,Credit Card,0
174,2024-10-09,1338.1,Amazon,Seattle,Online Payment,0
175,2025-05-17,681.25,Netflix,Boston,Online Payment,0
176,2024-11-01,182.84,Apple Store,Los Angeles,Debit Card,0
177,2025-01-30,493.6,Best Buy,San Francisco,Credit Card,0
178,2025-08-26,477.05,Best Buy,Seattle,Online Payment,0
179,2024-02-18,1265.33,Best Buy,Seattle,Credit Card,0
180,2025-06-20,1646.17,Best Buy,New York,Mobile Pay,0
181,2025-09-28,1818.89,Walmart,New York,Online Payment,0
182,2025-01-29,1526.05,Netflix,Chicago,Credit Card,0
183,2024-12-06,1050.9,Best Buy,Dallas,Mobile Pay,0
184,2024-12-31,679.22,Amazon,Miami,Mobile Pay,0
185,2025-11-13,1327.99,Walmart,New York,Debit Card,0
186,2025-01-07,473.92,Apple Store,Chicago,Debit Card,0
187,2025-11-24,370.98,Walmart,Boston,Mobile Pay,0
188,2025-06-04,1564.56,Amazon,Dallas,Debit Card,0
189,2025-09-19,316.44,Best Buy,Boston,Debit Card,0
190,2024-10-17,354.1,Amazon,Miami,Online Payment,0
191,2025-10-06,1151.22,Uber,Boston,Online Payment,1
192,2024-06-08,1636.62,Starbucks,Seattle,Mobile Pay,1
193,2024-06-15,1514.99,Uber,Seattle,Credit Card,0
194,2026-01-23,1308.81,Walmart,Miami,Mobile Pay,0
195,2024-12-27,1337.76,Starbucks,Miami,Mobile Pay,0
196,2024-05-26,1809.83,Best Buy,Chicago,Debit Card,0
197,2025-01-04,904.94,Starbucks,New York,Mobile Pay,0
198,2024-02-18,1727.8,eBay,Boston,Credit Card,0
199,2025-08-25,357.28,Starbucks,Los Angeles,Online Payment,0
200,2024-09-25,1547.82,Amazon,Los Angeles,Credit Card,0
201,2024-07-26,1853.33,Target,Dallas,Credit Card,1
202,2024-04-15,912.45,Target,Los Angeles,Debit Card,0
203,2024-11-05,437.91,Apple Store,Chicago,Online Payment,1
204,2025-05-08,1742.1,Apple Store,Boston,Debit Card,1
205,2024-09-17,1215.04,eBay,Dallas,Debit Card,0
206,2024-04-18,474.85,Starbucks,Miami,Mobile Pay,1
207,2025-08-22,100.14,Uber,Boston,Credit Card,0
208,2024-11-19,660.2,Apple Store,Chicago,Credit Card,1
209,2026-02-26,168.36,Starbucks,Boston,Credit Card,0
210,2025-09-07,656.67,Walmart,Miami,Online Payment,0
211,2024-05-06,923.25,Apple Store,San Francisco,Mobile Pay,0
212,2024-02-28,142.41,Walmart,San Francisco,Online Payment,0
213,2024-03-18,447.0,Walmart,Boston,Credit Card,0
214,2024-02-03,1772.24,Best Buy,San Francisco,Credit Card,0
215,2025-09-17,1384.22,Apple Store,New York,Online Payment,0
216,2024-04-18,556.26,Starbucks,San Francisco,Online Payment,0
217,2025-01-15,291.5,Uber,Boston,Mobile Pay,0
218,2024-08-08,1284.24,Uber,Seattle,Credit Card,0
219,2024-05-11,1733.57,Best Buy,Chicago,Online Payment,0
220,2025-12-13,836.89,Starbucks,New York,Online Payment,0
221,2025-09-22,1275.11,Uber,Seattle,Mobile Pay,0
222,2024-09-27,886.72,eBay,New York,Online Payment,0
223,2025-12-25,583.06,Target,Chicago,Credit Card,0
224,2024-09-14,695.35,Uber,Dallas,Mobile Pay,0
225,2024-05-29,1349.75,Starbucks,Miami,Credit Card,1
226,2025-01-30,688.29,Walmart,Miami,Credit Card,0
227,2025-03-13,819.28,Starbucks,Miami,Debit Card,0
228,2026-02-16,866.88,eBay,Los Angeles,Credit Card,0
229,2024-05-11,1445.5,Walmart,Chicago,Online Payment,1
230,2025-06-27,1070.15,Starbucks,Boston,Credit Card,0
231,2025-08-02,1850.75,Apple Store,Dallas,Mobile Pay,0
232,2025-07-03,1898.75,Target,Boston,Credit Card,0
233,2024-03-06,1470.78,Amazon,Dallas,Online Payment,0
234,2024-08-10,1904.53,Starbucks,Dallas,Debit Card,0
235,2024-10-15,1706.41,Amazon,Chicago,Debit Card,0
236,2026-03-12,382.52,Best Buy,Los Angeles,Debit Card,0
237,2024-05-03,490.94,Netflix,Miami,Mobile Pay,0
238,2025-01-06,252.0,Apple Store,San Francisco,Mobile Pay,0
239,2025-07-17,1862.77,Uber,San Francisco,Online Payment,0
240,2024-05-04,1883.9,Apple Store,Miami,Debit Card,1
241,2025-06-28,96.01,Uber,Boston,Online Payment,1
242,2024-12-26,187.42,eBay,New York,Credit Card,0
243,2025-07-08,1741.39,Netflix,San Francisco,Mobile Pay,0
244,2025-11-29,1197.81,Apple Store,Miami,Online Payment,0
245,2025-11-12,115.61,Starbucks,Boston,Debit Card,0
246,2025-12-29,807.68,Apple Store,Dallas,Debit Card,0
247,2025-09-09,1973.51,Uber,San Francisco,Debit Card,0
248,2024-07-26,373.05,Target,San Francisco,Online Payment,0
249,2025-01-08,463.07,Amazon,New York,Debit Card,0
250,2024-03-19,959.94,Apple Store,Seattle,Debit Card,0
251,2025-09-18,1589.66,Best Buy,Boston,Online Payment,0
252,2024-02-20,1646.54,Uber,Boston,Debit Card,0
253,2024-08-16,924.99,Uber,Chicago,Debit Card,0
254,2024-10-10,538.81,eBay,Boston,Credit Card,1
255,2026-02-13,1697.6,Amazon,Boston,Credit Card,0
256,2024-12-04,1400.56,Target,Miami,Debit Card,0
257,2024-08-01,559.55,Amazon,Dallas,Mobile Pay,1
258,2025-09-21,73.27,Netflix,Boston,Debit Card,0
259,2024-03-07,1974.6,Apple Store,Miami,Credit Card,0
260,2025-10-13,403.47,Best Buy,Boston,Debit Card,0
261,2024-02-04,8.86,eBay,Los Angeles,Debit Card,0
262,2024-10-05,81.71,Uber,Boston,Debit Card,0
263,2024-04-13,610.54,Uber,Dallas,Credit Card,0
264,2025-10-02,693.0,Best Buy,Miami,Debit Card,0
265,2024-10-25,39.38,Netflix,Seattle,Mobile Pay,0
266,2025-04-07,1751.26,Starbucks,Miami,Mobile Pay,0
267,2024-01-22,1568.56,Starbucks,Dallas,Online Payment,0
268,2024-08-15,966.63,Best Buy,Chicago,Online Payment,0
269,2025-01-15,1891.21,Netflix,Chicago,Online Payment,0
270,2024-03-30,343.68,Amazon,Chicago,Debit Card,1
271,2025-09-08,1952.49,Target,Miami,Credit Card,0
272,2025-10-25,1891.51,Netflix,Chicago,Online Payment,1
273,2025-02-26,1129.39,Amazon,Seattle,Mobile Pay,0
274,2025-10-20,1067.46,Amazon,Boston,Online Payment,0
275,2024-01-25,1535.13,Amazon,San Francisco,Debit Card,0
276,2024-11-09,1111.44,Amazon,Boston,Online Payment,0
277,2024-08-20,1545.52,Best Buy,Chicago,Credit Card,0
278,2024-01-18,44.5,eBay,Dallas,Mobile Pay,0
279,2026-03-30,1843.63,Walmart,Miami,Credit Card,0
280,2024-06-21,1149.75,Uber,New York,Online Payment,0
281,2024-08-17,1160.16,Netflix,San Francisco,Credit Card,0
282,2024-10-19,1377.08,Starbucks,Chicago,Credit Card,0
283,2024-01-26,251.17,Netflix,Los Angeles,Credit Card,0
284,2024-01-29,1844.41,Amazon,Miami,Debit Card,1
285,2025-06-12,1641.54,Starbucks,New York,Online Payment,0
286,2024-07-21,1630.1,Target,Miami,Debit Card,0
287,2025-04-11,1618.37,eBay,Seattle,Online Payment,0
288,2025-02-22,765.24,Target,Seattle,Online Payment,1
289,2025-11-11,1734.55,Best Buy,Los Angeles,Credit Card,0
290,2025-11-30,1100.7,Apple Store,Chicago,Online Payment,0
291,2025-11-15,583.97,eBay,Dallas,Debit Card,0
292,2025-03-13,1800.03,Uber,Miami,Debit Card,0
293,2024-12-03,209.1,Target,San Francisco,Debit Card,0
294,2024-11-03,1421.5,eBay,Los Angeles,Debit Card,0
295,2026-02-18,440.16,Walmart,Miami,Mobile Pay,0
296,2024-05-26,927.99,Amazon,Miami,Online Payment,1
297,2025-10-29,1887.15,eBay,Miami,Debit Card,0
298,2024-08-07,1894.46,Amazon,Chicago,Debit Card,0
299,2025-02-23,296.01,Target,Dallas,Mobile Pay,0
300,2024-12-31,297.16,Uber,New York,Debit Card,0
301,2025-06-27,1859.19,Target,Seattle,Mobile Pay,0
302,2026-03-07,478.77,Netflix,Boston,Debit Card,0
303,2024-04-04,1712.76,Walmart,Chicago,Debit Card,0
304,2024-02-23,280.88,Uber,San Francisco,Credit Card,1
305,2024-06-14,1100.48,Apple Store,Boston,Debit Card,0
306,2024-12-21,1936.74,Netflix,San Francisco,Online Payment,0
307,2024-01-04,333.06,eBay,Miami,Mobile Pay,0
308,2024-07-14,1083.51,Best Buy,Dallas,Credit Card,0
309,2024-04-15,302.3,Uber,San Francisco,Online Payment,0
310,2025-04-15,353.4,Walmart,Boston,Mobile Pay,0
311,2024-08-25,1812.75,Target,New York,Credit Card,0
312,2024-07-02,1455.66,Apple Store,Boston,Online Payment,0
313,2025-11-27,223.74,Starbucks,Dallas,Mobile Pay,0
314,2025-12-10,983.62,Apple Store,Miami,Credit Card,0
315,2025-04-02,786.92,Starbucks,Dallas,Credit Card,0
316,2024-09-06,854.02,Apple Store,Miami,Online Payment,0
317,2024-02-06,429.95,Apple Store,Chicago,Mobile Pay,0
318,2024-07-20,905.94,Best Buy,San Francisco,Online Payment,0
319,2025-05-31,218.64,Apple Store,Miami,Debit Card,0
320,2024-11-27,1255.57,Target,Dallas,Online Payment,0
321,2024-11-26,927.8,Apple Store,San Francisco,Mobile Pay,0
322,2025-06-06,416.95,Starbucks,Boston,Mobile Pay,0
323,2024-09-26,222.14,Uber,Chicago,Mobile Pay,0
324,2025-12-05,933.68,Best Buy,Dallas,Mobile Pay,0
325,2024-04-15,1650.0,Best Buy,Chicago,Debit Card,0
326,2024-05-28,1614.5,Amazon,Seattle,Credit Card,0
327,2025-04-11,256.08,Target,Seattle,Credit Card,0
328,2026-01-23,213.8,Starbucks,Miami,Debit Card,0
329,2025-08-21,1099.98,Netflix,Dallas,Mobile Pay,0
330,2024-10-09,973.79,eBay,Miami,Credit Card,0
331,2025-05-30,1508.28,Starbucks,Dallas,Credit Card,0
332,2025-02-16,690.16,Best Buy,Chicago,Online Payment,0
333,2024-11-28,753.02,Netflix,Chicago,Online Payment,0
334,2024-11-25,1802.32,Walmart,Seattle,Online Payment,0
335,2025-06-20,1978.47,Starbucks,Dallas,Debit Card,0
336,2024-03-09,1807.68,Uber,San Francisco,Mobile Pay,1
337,2024-11-12,305.35,Target,San Francisco,Debit Card,0
338,2025-02-06,1122.6,Netflix,Seattle,Debit Card,0
339,2024-09-29,1849.45,Netflix,Dallas,Online Payment,0
340,2025-01-06,1475.47,Best Buy,Miami,Mobile Pay,0
341,2025-11-30,441.4,Starbucks,Dallas,Debit Card,0
342,2024-09-12,726.29,Apple Store,Boston,Debit Card,0
343,2025-06-11,1861.5,Netflix,Miami,Debit Card,0
344,2024-05-10,859.18,Target,Miami,Credit Card,0
345,2025-03-28,1246.7,Best Buy,Chicago,Debit Card,0
346,2024-05-11,608.54,Netflix,Dallas,Credit Card,0
347,2025-11-03,684.51,Target,San Francisco,Mobile Pay,0
348,2025-12-07,232.98,eBay,Miami,Mobile Pay,0
349,2025-04-18,391.25,Uber,Los Angeles,Online Payment,0
350,2025-09-06,489.41,eBay,San Francisco,Online Payment,0
351,2026-01-18,567.0,Uber,Boston,Online Payment,0
352,2024-07-08,893.62,Walmart,Miami,Online Payment,0
353,2025-09-05,341.27,Apple Store,Miami,Debit Card,0
354,2024-10-29,818.42,Starbucks,Dallas,Online Payment,0
355,2024-10-24,1137.62,Starbucks,San Francisco,Debit Card,0
356,2025-05-04,478.81,Uber,Dallas,Online Payment,0
357,2024-05-11,202.65,Netflix,San Francisco,Mobile Pay,1
358,2024-07-21,211.23,Apple Store,Los Angeles,Credit Card,0
359,2024-02-10,1751.31,Netflix,Miami,Credit Card,0
360,2025-12-05,1847.08,Apple Store,Dallas,Credit Card,0
361,2024-09-17,1138.85,Netflix,Boston,Mobile Pay,0
362,2024-12-12,1746.5,Target,Boston,Credit Card,0
363,2025-12-26,575.68,Apple Store,Los Angeles,Credit Card,0
364,2025-02-16,1201.24,Walmart,Miami,Mobile Pay,0
365,2024-05-01,993.19,Amazon,Dallas,Mobile Pay,0
366,2024-01-19,1638.41,Starbucks,New York,Online Payment,0
367,2024-02-13,842.86,Starbucks,San Francisco,Credit Card,0
368,2025-05-08,1497.24,Walmart,Los Angeles,Online Payment,0
369,2025-08-11,1975.22,Best Buy,Chicago,Debit Card,0
370,2024-11-20,1194.96,Starbucks,Miami,Debit Card,0
371,2024-06-25,1388.27,Apple Store,Seattle,Debit Card,0
372,2025-06-13,1286.68,Netflix,Seattle,Mobile Pay,0
373,2024-05-12,604.95,Target,New York,Online Payment,0
374,2025-03-21,1516.54,Best Buy,San Francisco,Debit Card,0
375,2024-08-13,643.22,Starbucks,San Francisco,Mobile Pay,0
376,2024-10-19,415.66,Amazon,New York,Mobile Pay,0
377,2025-07-21,75.81,Best Buy,New York,Online Payment,0
378,2025-07-25,226.44,Netflix,Boston,Mobile Pay,1
379,2025-05-03,1288.3,Netflix,Miami,Online Payment,0
380,2024-02-17,217.57,Best Buy,Dallas,Mobile Pay,0
381,2024-04-16,1540.0,eBay,Chicago,Online Payment,0
382,2024-12-30,1686.84,Netflix,Dallas,Online Payment,0
383,2025-08-14,1124.63,Starbucks,Boston,Online Payment,1
384,2026-01-29,1910.18,Target,Dallas,Online Payment,0
385,2024-07-07,180.47,Uber,Seattle,Credit Card,0
386,2024-01-03,9.44,Target,Dallas,Credit Card,0
387,2025-03-24,1065.76,Amazon,Miami,Online Payment,0
388,2024-12-10,1925.26,eBay,Miami,Credit Card,0
389,2024-12-29,612.17,eBay,Boston,Credit Card,0
390,2025-11-23,1942.78,Best Buy,Seattle,Credit Card,0
391,2025-01-23,40.8,Apple Store,Seattle,Mobile Pay,0
392,2025-09-19,613.83,Starbucks,Boston,Mobile Pay,0
393,2026-01-08,75.48,Apple Store,Miami,Online Payment,0
394,2025-10-01,476.28,Target,Boston,Online Payment,0
395,2025-03-16,1742.67,Uber,San Francisco,Debit Card,0
396,2026-03-05,676.06,Starbucks,San Francisco,Online Payment,0
397,2024-01-13,163.73,Best Buy,San Francisco,Online Payment,0
398,2024-04-16,1042.58,Walmart,San Francisco,Debit Card,0
399,2024-09-04,955.08,Starbucks,Chicago,Online Payment,0
400,2026-01-10,1033.41,Netflix,Dallas,Credit Card,0
401,2024-01-27,164.32,Target,Los Angeles,Debit Card,1
402,2025-04-07,501.77,Target,Chicago,Debit Card,0
403,2025-03-29,800.1,Uber,New York,Debit Card,0
404,2025-04-14,1186.41,Walmart,Seattle,Mobile Pay,0
405,2024-12-26,1644.6,Uber,Los Angeles,Mobile Pay,1
406,2024-11-20,1629.63,Netflix,Seattle,Online Payment,0
407,2025-11-15,1601.25,Netflix,San Francisco,Mobile Pay,0
408,2025-06-04,1071.37,Best Buy,Dallas,Credit Card,0
409,2024-08-09,501.51,Starbucks,Miami,Online Payment,0
410,2025-11-14,834.04,eBay,Miami,Credit Card,0
411,2024-09-23,193.44,Uber,Miami,Mobile Pay,0
412,2025-11-10,1633.6,Target,Dallas,Credit Card,0
413,2026-03-01,1216.91,Target,Los Angeles,Credit Card,0
414,2026-02-14,1320.93,Best Buy,Boston,Credit Card,0
415,2025-09-27,326.74,Apple Store,Seattle,Mobile Pay,0
416,2024-05-24,647.89,Uber,San Francisco,Online Payment,0
417,2025-01-16,218.79,eBay,Boston,Online Payment,0
418,2024-08-15,971.62,Walmart,Dallas,Credit Card,0
419,2024-07-05,250.51,Target,Miami,Online Payment,0
420,2024-04-22,537.83,Apple Store,New York,Debit Card,0
421,2024-12-26,107.1,Target,Los Angeles,Online Payment,0
422,2024-07-04,797.01,Best Buy,New York,Online Payment,0
423,2025-08-06,1043.07,Uber,Los Angeles,Online Payment,0
424,2024-09-03,294.0,Amazon,Boston,Debit Card,0
425,2025-12-21,1018.77,Starbucks,Seattle,Debit Card,0
426,2025-02-14,700.47,Apple Store,Miami,Mobile Pay,0
427,2025-07-26,1899.88,Best Buy,Miami,Credit Card,0
428,2024-03-06,1816.83,Target,San Francisco,Debit Card,0
429,2026-02-23,579.2,Amazon,Los Angeles,Debit Card,0
430,2025-04-24,251.86,Walmart,Dallas,Mobile Pay,0
431,2026-02-25,1877.15,Apple Store,Los Angeles,Online Payment,0
432,2024-05-03,1607.11,Apple Store,New York,Debit Card,0
433,2024-07-16,456.23,Starbucks,San Francisco,Mobile Pay,0
434,2026-02-17,406.87,Apple Store,Dallas,Mobile Pay,1
435,2024-10-11,1774.36,Walmart,San Francisco,Online Payment,0
436,2025-01-13,866.92,Target,Seattle,Online Payment,0
437,2025-12-06,494.81,Best Buy,Boston,Debit Card,0
438,2025-10-09,1773.27,Netflix,New York,Mobile Pay,0
439,2024-12-12,1415.26,Starbucks,Chicago,Debit Card,0
440,2024-08-08,1332.34,Netflix,Dallas,Debit Card,0
441,2024-02-16,1092.37,Amazon,New York,Mobile Pay,0
442,2025-06-29,1744.04,Walmart,Miami,Debit Card,0
443,2024-05-12,768.51,Best Buy,Miami,Credit Card,1
444,2025-08-19,1821.8,Starbucks,Dallas,Credit Card,0
445,2025-03-17,1396.35,Target,San Francisco,Debit Card,0
446,2026-03-18,1226.8,Starbucks,Chicago,Mobile Pay,0
447,2024-02-15,785.36,eBay,Miami,Debit Card,0
448,2024-07-28,881.39,Starbucks,Boston,Online Payment,0
449,2025-06-24,311.53,Best Buy,Chicago,Online Payment,1
450,2025-01-17,1161.23,Starbucks,Chicago,Online Payment,0
451,2025-07-13,258.58,Starbucks,Los Angeles,Online Payment,0
452,2024-08-22,961.13,eBay,Dallas,Credit Card,0
453,2024-11-29,657.47,Amazon,Miami,Online Payment,0
454,2024-12-09,50.18,Best Buy,New York,Online Payment,0
455,2024-05-24,227.13,Netflix,Chicago,Mobile Pay,0
456,2025-09-17,455.59,Amazon,Seattle,Debit Card,0
457,2025-10-23,1481.21,Netflix,Boston,Credit Card,0
458,2024-01-28,1885.1,Netflix,Dallas,Mobile Pay,0
459,2024-11-22,779.96,Netflix,Dallas,Credit Card,0
460,2024-10-08,1400.94,Starbucks,San Francisco,Online Payment,0
461,2024-10-31,1519.74,Starbucks,Boston,Mobile Pay,0
462,2025-09-15,276.59,Target,Miami,Debit Card,0
463,2025-07-04,474.92,Uber,Dallas,Credit Card,0
464,2024-08-06,1741.93,Starbucks,Miami,Credit Card,0
465,2025-01-01,1902.18,Best Buy,Miami,Debit Card,0
466,2025-01-05,1008.03,Starbucks,New York,Online Payment,0
467,2024-03-24,1854.38,Amazon,Dallas,Debit Card,0
468,2025-05-06,1084.53,Best Buy,Chicago,Online Payment,0
469,2024-04-02,1177.79,eBay,Dallas,Debit Card,0
470,2024-08-04,1474.73,Starbucks,Dallas,Mobile Pay,0
471,2025-01-23,577.4,Netflix,New York,Mobile Pay,0
472,2024-05-18,1939.73,eBay,Miami,Online Payment,0
473,2025-11-09,1132.47,eBay,Dallas,Online Payment,0
474,2024-07-27,298.67,Amazon,New York,Credit Card,0
475,2026-03-23,1492.22,Uber,San Francisco,Debit Card,0
476,2025-08-07,270.54,Best Buy,New York,Mobile Pay,0
477,2024-05-24,1637.05,Amazon,Boston,Credit Card,0
478,2024-08-24,23.51,Netflix,Seattle,Online Payment,0
479,2025-04-15,1545.55,Uber,New York,Online Payment,0
480,2024-02-18,1675.45,Netflix,San Francisco,Mobile Pay,0
481,2024-08-31,1526.55,Walmart,New York,Debit Card,0
482,2025-01-23,1503.75,Apple Store,San Francisco,Mobile Pay,0
483,2024-10-16,702.94,Uber,Seattle,Credit Card,0
484,2024-05-08,1175.45,Uber,San Francisco,Debit Card,0
485,2024-07-24,1852.04,Walmart,Los Angeles,Online Payment,0
486,2024-09-30,472.27,Best Buy,Seattle,Online Payment,0
487,2025-06-18,831.99,Best Buy,Seattle,Debit Card,0
488,2024-10-07,163.04,Apple Store,Miami,Credit Card,0
489,2025-09-25,1113.07,Walmart,San Francisco,Mobile Pay,0
490,2025-08-14,220.49,Walmart,Seattle,Debit Card,0
491,2024-02-29,1246.47,Netflix,Los Angeles,Mobile Pay,0
492,2025-02-08,1018.94,Uber,Seattle,Credit Card,0
493,2025-11-18,415.9,Best Buy,Chicago,Mobile Pay,0
494,2025-02-27,174.59,Best Buy,Miami,Mobile Pay,0
495,2024-04-03,728.48,Amazon,Boston,Online Payment,0
496,2025-04-29,368.21,Amazon,Dallas,Credit Card,0
497,2025-01-16,609.14,Amazon,Boston,Credit Card,0
498,2025-06-06,1446.18,Walmart,San Francisco,Mobile Pay,0
499,2025-07-25,292.23,Amazon,Miami,Mobile Pay,1
500,2024-09-03,1625.21,Uber,Chicago,Mobile Pay,0
501,2026-03-26,988.4,Apple Store,Chicago,Online Payment,0
502,2024-05-15,943.97,eBay,Chicago,Online Payment,0
503,2024-12-01,119.54,Amazon,Boston,Online Payment,0
504,2026-02-20,1586.74,Best Buy,New York,Credit Card,0
505,2025-03-22,1120.28,Walmart,Seattle,Credit Card,0
506,2024-07-29,89.74,Starbucks,Dallas,Debit Card,1
507,2025-02-01,1255.67,Amazon,Miami,Online Payment,0
508,2026-03-25,91.08,Uber,New York,Mobile Pay,0
509,2025-02-11,1559.58,Target,Seattle,Debit Card,0
510,2024-08-08,1123.13,Starbucks,Los Angeles,Mobile Pay,0
511,2024-07-04,298.84,Walmart,New York,Credit Card,0
512,2025-04-21,1671.5,Best Buy,San Francisco,Mobile Pay,0
513,2024-03-17,1452.3,Uber,Dallas,Debit Card,0
514,2025-11-25,1652.19,Target,Los Angeles,Mobile Pay,1
515,2025-04-02,1149.26,Best Buy,Dallas,Online Payment,0
516,2025-07-19,1487.2,Best Buy,Dallas,Credit Card,1
517,2024-10-14,1695.07,Amazon,Los Angeles,Online Payment,0
518,2024-05-31,1178.83,Starbucks,Chicago,Online Payment,0
519,2024-09-10,1112.15,Target,Miami,Mobile Pay,0
520,2024-02-08,227.99,Starbucks,San Francisco,Online Payment,0
521,2025-07-08,333.73,Starbucks,Dallas,Online Payment,0
522,2026-02-05,818.71,eBay,Chicago,Credit Card,0
523,2025-07-26,1503.48,Amazon,Chicago,Credit Card,0
524,2024-10-15,1491.31,Best Buy,Dallas,Online Payment,0
525,2024-03-12,1953.59,Best Buy,New York,Online Payment,0
526,2025-01-13,1291.73,Netflix,Dallas,Mobile Pay,0
527,2025-01-06,298.82,Walmart,New York,Debit Card,0
528,2025-09-14,1058.03,eBay,Chicago,Mobile Pay,0
529,2025-10-14,1528.02,Best Buy,New York,Credit Card,0
530,2024-02-03,1913.99,Walmart,Los Angeles,Mobile Pay,0
531,2026-03-29,1755.86,Target,Seattle,Credit Card,0
532,2026-01-13,1486.29,eBay,San Francisco,Online Payment,0
533,2026-03-25,1143.25,Amazon,San Francisco,Online Payment,1
534,2026-03-21,1998.79,Best Buy,Miami,Credit Card,0
535,2025-07-11,77.09,Netflix,Boston,Debit Card,0
536,2025-01-17,1503.21,Apple Store,New York,Mobile Pay,0
537,2024-09-02,190.2,eBay,New York,Debit Card,0
538,2026-01-21,461.92,Target,Chicago,Credit Card,0
539,2025-01-05,1677.87,Uber,San Francisco,Credit Card,0
540,2025-02-08,507.32,Walmart,Boston,Debit Card,0
541,2024-09-25,414.27,Netflix,Seattle,Online Payment,0
542,2025-06-22,1458.6,Starbucks,Los Angeles,Online Payment,0
543,2024-10-04,578.24,Apple Store,Los Angeles,Credit Card,0
544,2025-07-03,689.27,eBay,Los Angeles,Credit Card,0
545,2025-11-11,1108.23,Starbucks,San Francisco,Debit Card,0
546,2025-07-31,115.3,Walmart,New York,Debit Card,1
547,2025-04-16,1244.35,Starbucks,Boston,Credit Card,0
548,2024-05-28,559.1,Uber,Miami,Credit Card,0
549,2024-06-03,11.03,Target,Dallas,Online Payment,0
550,2025-04-12,1905.39,Apple Store,Seattle,Debit Card,0
551,2025-12-27,1660.37,Starbucks,New York,Credit Card,0
552,2026-01-31,1308.6,Amazon,Chicago,Debit Card,1
553,2026-03-06,1911.32,Netflix,Miami,Debit Card,0
554,2024-11-16,122.29,eBay,Miami,Mobile Pay,0
555,2025-11-27,294.49,eBay,Chicago,Credit Card,1
556,2024-05-03,1073.5,Apple Store,Los Angeles,Mobile Pay,0
557,2024-12-23,166.44,Starbucks,Los Angeles,Debit Card,0
558,2026-03-19,87.94,Uber,Seattle,Debit Card,0
559,2024-04-16,336.18,Walmart,Boston,Debit Card,0
560,2025-10-02,122.46,Netflix,Boston,Online Payment,0
561,2025-12-16,1131.08,Starbucks,Boston,Online Payment,0
562,2025-01-04,1103.22,Target,Miami,Credit Card,0
563,2024-02-20,1493.25,Netflix,Los Angeles,Mobile Pay,0
564,2025-09-23,446.07,Netflix,Seattle,Debit Card,0
565,2026-03-14,105.6,Netflix,Los Angeles,Debit Card,0
566,2025-03-19,35.23,Netflix,Chicago,Debit Card,0
567,2024-07-14,395.88,Starbucks,Chicago,Online Payment,0
568,2024-07-07,1671.22,Apple Store,Seattle,Credit Card,0
569,2026-01-18,1123.44,Starbucks,Miami,Credit Card,0
570,2024-08-12,686.2,Starbucks,Dallas,Mobile Pay,0
571,2025-05-21,171.45,eBay,Boston,Mobile Pay,0
572,2025-07-04,1928.18,Best Buy,Los Angeles,Credit Card,0
573,2024-06-17,1815.05,Uber,San Francisco,Mobile Pay,0
574,2024-08-14,241.39,Target,Miami,Online Payment,0
575,2025-02-18,1837.79,eBay,New York,Debit Card,0
576,2024-08-15,217.29,Apple Store,San Francisco,Online Payment,1
577,2025-11-02,76.77,Walmart,Los Angeles,Credit Card,0
578,2024-08-18,988.09,Best Buy,Dallas,Mobile Pay,0
579,2026-01-25,635.72,eBay,Miami,Online Payment,0
580,2026-03-14,1552.07,Starbucks,New York,Mobile Pay,0
581,2024-10-06,1277.47,Target,New York,Debit Card,0
582,2025-05-03,451.75,eBay,Boston,Mobile Pay,0
583,2026-03-02,1095.55,Apple Store,Miami,Debit Card,1
584,2025-03-22,825.07,Starbucks,New York,Mobile Pay,0
585,2025-08-23,1227.34,Walmart,Los Angeles,Credit Card,0
586,2024-05-02,27.4,Walmart,Los Angeles,Debit Card,0
587,2024-01-04,1758.77,Starbucks,San Francisco,Debit Card,0
588,2024-03-31,1517.85,Walmart,New York,Debit Card,0
589,2024-11-12,1484.81,Best Buy,New York,Mobile Pay,0
590,2024-11-21,1221.72,Netflix,Seattle,Online Payment,0
591,2025-09-20,1416.33,Amazon,Boston,Online Payment,0
592,2025-03-16,1173.83,Netflix,Dallas,Credit Card,0
593,2025-03-17,913.83,Apple Store,New York,Online Payment,0
594,2026-02-12,1811.81,Amazon,Seattle,Mobile Pay,0
595,2026-02-27,930.64,Amazon,Los Angeles,Mobile Pay,0
596,2026-02-15,351.06,Walmart,Boston,Credit Card,1
597,2024-10-30,1814.24,Target,Chicago,Mobile Pay,0
598,2024-04-17,973.3,Starbucks,Boston,Online Payment,0
599,2026-02-22,928.62,Target,San Francisco,Online Payment,0
600,2024-08-09,1665.69,Walmart,New York,Debit Card,1
601,2024-01-20,1075.95,Starbucks,Los Angeles,Mobile Pay,0
602,2024-11-16,360.41,Apple Store,Los Angeles,Online Payment,0
603,2025-02-04,1956.19,Walmart,Miami,Online Payment,0
604,2025-02-10,576.74,Apple Store,Chicago,Online Payment,0
605,2024-01-08,212.8,Target,Boston,Debit Card,0
606,2024-05-02,1521.12,Netflix,San Francisco,Credit Card,1
607,2024-05-23,1764.95,Starbucks,Seattle,Debit Card,0
608,2025-10-19,1428.57,Walmart,New York,Debit Card,0
609,2024-11-26,938.84,Walmart,Seattle,Credit Card,0
610,2024-03-15,1659.05,Target,Dallas,Mobile Pay,1
611,2025-03-04,727.71,Starbucks,Seattle,Credit Card,0
612,2025-05-16,166.06,Walmart,San Francisco,Credit Card,1
613,2025-04-02,1869.73,Walmart,Miami,Online Payment,0
614,2024-07-21,1694.93,Starbucks,Dallas,Debit Card,0
615,2025-09-15,407.33,Apple Store,Miami,Mobile Pay,0
616,2025-02-23,729.01,Best Buy,Los Angeles,Mobile Pay,0
617,2025-08-09,447.51,Starbucks,Boston,Credit Card,0
618,2024-10-11,655.3,Walmart,Boston,Mobile Pay,0
619,2025-11-06,1357.31,Apple Store,Seattle,Mobile Pay,0
620,2025-07-15,250.65,Starbucks,New York,Credit Card,1
621,2024-03-26,633.27,Target,Miami,Mobile Pay,0
622,2026-03-09,1694.99,Apple Store,Seattle,Debit Card,0
623,2026-01-16,1882.51,Target,New York,Online Payment,0
624,2025-05-17,99.32,Walmart,San Francisco,Online Payment,0
625,2025-10-07,1335.74,Amazon,San Francisco,Online Payment,0
626,2025-05-31,844.57,Uber,Seattle,Online Payment,0
627,2025-09-10,1457.5,Best Buy,Los Angeles,Mobile Pay,0
628,2025-07-19,212.76,eBay,Dallas,Debit Card,0
629,2026-03-11,1187.01,Amazon,New York,Credit Card,0
630,2025-10-06,1048.15,Apple Store,Miami,Mobile Pay,0
631,2025-03-20,1868.71,Netflix,Dallas,Online Payment,0
632,2025-11-25,264.8,Uber,Miami,Online Payment,0
633,2024-11-06,1363.04,Uber,Miami,Online Payment,0
634,2025-10-28,821.39,Uber,San Francisco,Credit Card,0
635,2024-08-25,651.55,Best Buy,Miami,Debit Card,0
636,2024-10-17,853.85,Best Buy,Dallas,Mobile Pay,0
637,2024-07-04,1239.49,Starbucks,Miami,Debit Card,0
638,2025-06-11,913.6,eBay,Boston,Debit Card,0
639,2024-12-05,514.16,Netflix,Boston,Mobile Pay,0
640,2025-11-19,1761.3,Netflix,San Francisco,Online Payment,0
641,2025-02-17,1024.44,Netflix,New York,Credit Card,0
642,2025-10-16,1726.41,Starbucks,New York,Online Payment,0
643,2024-04-29,44.53,Amazon,Dallas,Mobile Pay,0
644,2025-12-26,934.28,Netflix,Seattle,Online Payment,0
645,2024-04-27,1493.43,Uber,Chicago,Mobile Pay,0
646,2024-10-29,169.25,Netflix,Boston,Credit Card,1
647,2024-11-13,1002.8,Target,Boston,Debit Card,0
648,2026-02-10,200.42,Best Buy,San Francisco,Online Payment,0
649,2024-11-16,1631.44,Uber,Dallas,Debit Card,0
650,2025-03-30,1732.97,Best Buy,New York,Debit Card,0
651,2024-06-27,186.45,Netflix,Los Angeles,Debit Card,0
652,2025-04-09,1041.9,Target,Chicago,Online Payment,0
653,2025-01-08,1492.67,Target,Boston,Debit Card,0
654,2025-04-28,896.43,Best Buy,Miami,Credit Card,0
655,2025-04-16,273.26,Amazon,New York,Mobile Pay,0
656,2024-03-14,577.31,Best Buy,Los Angeles,Credit Card,0
657,2026-02-23,194.29,Best Buy,Boston,Mobile Pay,0
658,2025-05-12,618.6,Starbucks,Los Angeles,Mobile Pay,0
659,2025-09-24,1590.35,Netflix,Seattle,Debit Card,0
660,2024-07-01,1079.4,Apple Store,Dallas,Online Payment,0
661,2025-07-09,597.35,Starbucks,San Francisco,Online Payment,0
662,2024-06-02,1774.74,Starbucks,San Francisco,Mobile Pay,0
663,2025-09-27,1080.33,Uber,Boston,Credit Card,0
664,2024-05-15,1771.31,Apple Store,Seattle,Online Payment,0
665,2024-02-06,812.21,Amazon,Miami,Mobile Pay,0
666,2025-09-16,260.35,Best Buy,Boston,Online Payment,0
667,2024-07-08,976.7,Best Buy,Dallas,Mobile Pay,0
668,2024-07-05,444.16,Best Buy,Seattle,Mobile Pay,0
669,2024-05-11,1842.45,Walmart,Dallas,Mobile Pay,0
670,2024-04-22,273.38,Apple Store,New York,Credit Card,0
671,2026-01-07,306.56,eBay,New York,Credit Card,0
672,2024-07-05,889.46,Target,San Francisco,Credit Card,0
673,2024-02-26,758.72,eBay,Dallas,Debit Card,0
674,2025-05-05,1217.11,Starbucks,Miami,Online Payment,0
675,2024-04-21,80.26,Best Buy,Los Angeles,Credit Card,0
676,2025-08-09,476.79,Target,Seattle,Online Payment,0
677,2024-11-27,31.92,Walmart,Boston,Online Payment,0
678,2025-10-22,1726.17,eBay,New York,Debit Card,0
679,2024-04-04,453.09,eBay,New York,Debit Card,0
680,2024-10-05,184.32,Walmart,San Francisco,Debit Card,0
681,2025-09-08,848.96,Netflix,Los Angeles,Mobile Pay,0
682,2025-12-02,1623.54,Netflix,Los Angeles,Debit Card,0
683,2025-08-14,1738.46,Uber,Los Angeles,Credit Card,0
684,2026-01-28,399.97,Starbucks,San Francisco,Debit Card,0
685,2024-01-15,1300.54,Apple Store,Dallas,Mobile Pay,0
686,2024-07-20,199.02,Apple Store,Miami,Credit Card,0
687,2026-02-05,316.15,Amazon,San Francisco,Debit Card,0
688,2025-03-12,687.52,eBay,San Francisco,Credit Card,0
689,2024-01-19,640.56,Starbucks,Seattle,Debit Card,0
690,2025-04-20,1781.4,Uber,San Francisco,Debit Card,0
691,2025-01-21,1046.64,Target,Chicago,Credit Card,0
692,2025-12-17,1697.69,Target,New York,Online Payment,0
693,2026-01-03,1095.35,eBay,San Francisco,Online Payment,0
694,2024-02-04,1177.32,Best Buy,New York,Online Payment,0
695,2024-06-01,1897.91,eBay,Chicago,Mobile Pay,0
696,2024-10-21,1700.06,Walmart,New York,Credit Card,0
697,2025-05-18,1992.22,Uber,Dallas,Credit Card,0
698,2026-02-06,1410.81,Best Buy,Boston,Credit Card,0
699,2025-11-04,1690.63,Uber,Miami,Debit Card,0
700,2024-06-13,914.08,Netflix,New York,Credit Card,0
701,2026-01-17,1454.15,Apple Store,New York,Online Payment,0
702,2024-12-13,1155.85,Target,New York,Online Payment,0
703,2024-12-24,67.91,Best Buy,New York,Credit Card,0
704,2024-03-10,966.55,Best Buy,Los Angeles,Debit Card,0
705,2024-10-03,700.12,Walmart,New York,Debit Card,0
706,2025-05-26,1733.11,Netflix,Chicago,Credit Card,0
707,2024-04-10,1476.97,Best Buy,New York,Credit Card,0
708,2024-08-08,1578.96,Walmart,Chicago,Mobile Pay,0
709,2025-12-01,1902.11,Starbucks,San Francisco,Mobile Pay,0
710,2025-03-04,493.6,Netflix,New York,Credit Card,0
711,2024-08-14,1790.87,eBay,Chicago,Mobile Pay,0
712,2025-11-01,1770.64,Netflix,Dallas,Online Payment,0
713,2024-02-18,1872.04,Target,Miami,Online Payment,0
714,2025-12-22,1256.37,Walmart,Miami,Online Payment,0
715,2024-10-16,1891.03,Amazon,Seattle,Credit Card,0
716,2024-03-04,439.05,Starbucks,Miami,Online Payment,0
717,2024-11-08,1951.61,Target,Miami,Credit Card,1
718,2025-04-24,405.81,Target,San Francisco,Mobile Pay,0
719,2024-04-10,257.48,Uber,New York,Debit Card,0
720,2026-01-24,386.14,Uber,Los Angeles,Credit Card,0
721,2026-03-25,237.65,Walmart,Los Angeles,Mobile Pay,0
722,2025-03-01,51.19,Walmart,Seattle,Online Payment,0
723,2024-07-12,621.48,Uber,Dallas,Online Payment,0
724,2025-10-11,1819.88,Apple Store,Seattle,Credit Card,0
725,2024-03-31,69.95,Amazon,Chicago,Mobile Pay,0
726,2024-06-05,1048.24,Uber,San Francisco,Credit Card,0
727,2025-06-19,1555.79,Walmart,Dallas,Debit Card,0
728,2025-06-24,647.55,Netflix,San Francisco,Credit Card,0
729,2025-05-02,1446.36,Starbucks,Chicago,Debit Card,0
730,2025-05-20,1710.93,Uber,Miami,Debit Card,0
731,2025-07-27,425.07,Apple Store,Los Angeles,Online Payment,0
732,2025-09-24,589.86,Target,Seattle,Debit Card,0
733,2024-11-09,1782.49,Walmart,Boston,Mobile Pay,0
734,2024-05-16,941.61,Walmart,Miami,Online Payment,0
735,2025-04-12,1636.22,Walmart,Miami,Online Payment,0
736,2024-10-29,1196.94,Uber,Miami,Debit Card,0
737,2025-04-23,1428.68,Starbucks,New York,Debit Card,0
738,2025-04-04,904.1,Starbucks,Miami,Debit Card,0
739,2026-02-11,927.26,Best Buy,Los Angeles,Online Payment,0
740,2024-10-12,1161.09,Apple Store,Dallas,Debit Card,0
741,2024-02-02,141.28,Walmart,Dallas,Online Payment,0
742,2025-08-16,1035.2,Walmart,Seattle,Mobile Pay,1
743,2024-12-30,958.32,Target,San Francisco,Credit Card,0
744,2024-11-27,393.5,Best Buy,Dallas,Debit Card,0
745,2026-02-20,1276.35,Netflix,San Francisco,Online Payment,0
746,2025-11-11,1305.2,eBay,San Francisco,Credit Card,0
747,2025-10-27,644.87,Amazon,San Francisco,Credit Card,0
748,2026-02-16,28.37,Uber,Seattle,Mobile Pay,0
749,2025-07-14,1935.94,Walmart,San Francisco,Debit Card,0
750,2024-04-08,465.12,Target,Boston,Online Payment,0
751,2025-03-25,1170.18,Amazon,San Francisco,Credit Card,0
752,2025-01-01,261.59,Target,Boston,Mobile Pay,0
753,2025-09-22,289.23,Best Buy,Miami,Debit Card,0
754,2024-08-26,740.07,eBay,San Francisco,Credit Card,0
755,2024-03-06,480.08,Apple Store,Miami,Debit Card,0
756,2024-06-25,379.7,Starbucks,Miami,Mobile Pay,0
757,2025-03-21,1596.73,eBay,Dallas,Debit Card,0
758,2026-03-23,86.78,eBay,Miami,Mobile Pay,0
759,2024-06-15,125.28,Target,Seattle,Credit Card,0
760,2024-02-02,1380.78,Walmart,Los Angeles,Debit Card,1
761,2025-10-30,271.79,Netflix,San Francisco,Mobile Pay,0
762,2024-09-18,693.93,Apple Store,Chicago,Debit Card,0
763,2024-07-07,1211.62,Best Buy,Seattle,Mobile Pay,0
764,2024-02-10,1506.1,Apple Store,Dallas,Credit Card,0
765,2024-11-25,904.65,Target,Chicago,Mobile Pay,0
766,2025-11-26,1364.89,Target,Los Angeles,Online Payment,0
767,2025-09-04,882.52,Best Buy,Seattle,Mobile Pay,0
768,2025-06-04,1614.54,Starbucks,Seattle,Mobile Pay,0
769,2024-02-03,1023.42,Starbucks,New York,Mobile Pay,1
770,2026-02-16,1464.11,Apple Store,Seattle,Online Payment,0
771,2025-06-19,786.42,Netflix,Dallas,Mobile Pay,0
772,2025-06-27,314.11,Uber,Seattle,Debit Card,0
773,2025-01-16,1239.46,Amazon,Dallas,Debit Card,0
774,2025-11-30,1435.32,eBay,Boston,Mobile Pay,0
775,2026-01-17,765.69,Best Buy,Miami,Mobile Pay,0
776,2025-03-23,1391.48,Apple Store,Los Angeles,Debit Card,0
777,2024-08-31,616.2,Walmart,Dallas,Online Payment,0
778,2024-06-27,1651.58,Netflix,New York,Debit Card,1
779,2025-02-11,755.18,Target,Miami,Credit Card,1
780,2025-04-29,620.58,Apple Store,Seattle,Mobile Pay,0
781,2024-11-16,504.34,Best Buy,Los Angeles,Online Payment,1
782,2025-01-19,1074.67,Amazon,Miami,Debit Card,0
783,2025-12-25,1643.66,Amazon,Seattle,Online Payment,1
784,2024-11-01,78.3,Target,Boston,Mobile Pay,1
785,2025-12-03,1751.36,Uber,New York,Debit Card,0
786,2025-09-27,1287.56,Best Buy,Seattle,Online Payment,0
787,2026-03-04,1095.39,Uber,San Francisco,Credit Card,0
788,2025-10-18,1737.97,Uber,New York,Mobile Pay,0
789,2025-06-20,1300.25,Uber,Seattle,Online Payment,0
790,2025-06-21,75.64,Best Buy,San Francisco,Online Payment,0
791,2024-11-18,703.07,Amazon,San Francisco,Credit Card,0
792,2025-02-08,1727.11,Best Buy,New York,Credit Card,0
793,2026-02-18,1377.51,Netflix,Seattle,Credit Card,1
794,2025-08-13,43.78,Walmart,San Francisco,Credit Card,0
795,2026-01-20,734.84,Netflix,Los Angeles,Mobile Pay,0
796,2025-01-26,1845.8,Apple Store,Los Angeles,Debit Card,0
797,2026-02-22,801.83,Best Buy,Seattle,Debit Card,0
798,2024-01-24,934.04,eBay,Miami,Credit Card,0
799,2024-09-14,596.01,Uber,New York,Mobile Pay,0
800,2025-11-01,467.4,Netflix,Seattle,Online Payment,0
801,2024-01-12,776.42,Target,San Francisco,Online Payment,0
802,2025-12-09,620.1,Netflix,Miami,Credit Card,0
803,2025-08-30,1194.5,Apple Store,Seattle,Online Payment,1
804,2024-05-03,519.69,Target,Boston,Debit Card,0
805,2024-06-07,931.94,eBay,San Francisco,Debit Card,0
806,2025-04-26,1608.62,Best Buy,Boston,Credit Card,0
807,2025-09-14,456.72,Starbucks,Chicago,Online Payment,0
808,2025-08-15,329.4,Apple Store,Miami,Credit Card,0
809,2025-07-18,1119.1,Best Buy,San Francisco,Debit Card,0
810,2024-09-01,332.44,Netflix,San Francisco,Mobile Pay,0
811,2025-06-19,1508.82,Uber,Los Angeles,Credit Card,0
812,2025-04-20,1070.65,Target,Dallas,Online Payment,0
813,2025-12-26,802.25,Uber,Boston,Debit Card,0
814,2026-02-05,805.75,Apple Store,Chicago,Online Payment,0
815,2024-10-31,679.82,Target,Boston,Mobile Pay,0
816,2024-03-30,553.63,Apple Store,Boston,Mobile Pay,0
817,2024-05-31,659.2,Walmart,San Francisco,Mobile Pay,0
818,2024-01-07,794.57,Best Buy,Dallas,Debit Card,1
819,2026-02-10,1438.48,Amazon,Boston,Online Payment,0
820,2024-11-20,8.06,Netflix,Los Angeles,Online Payment,0
821,2024-04-02,1725.71,Target,Seattle,Mobile Pay,0
822,2024-01-17,587.48,eBay,Boston,Online Payment,0
823,2025-11-18,1153.66,Netflix,San Francisco,Online Payment,0
824,2025-09-16,1393.16,Netflix,New York,Mobile Pay,1
825,2024-12-29,1220.39,Target,Boston,Credit Card,0
826,2025-02-28,1138.85,Netflix,Los Angeles,Mobile Pay,0
827,2026-03-09,237.11,Apple Store,Los Angeles,Online Payment,0
828,2024-08-24,1899.95,Uber,Chicago,Debit Card,0
829,2024-06-07,463.8,Walmart,New York,Credit Card,1
830,2024-11-21,1782.89,Netflix,Chicago,Mobile Pay,0
831,2025-08-11,1966.43,Uber,Dallas,Debit Card,0
832,2025-03-03,1032.91,Amazon,Miami,Credit Card,0
833,2025-02-24,1723.26,Uber,Miami,Online Payment,0
834,2024-06-24,537.96,Target,Chicago,Credit Card,0
835,2025-07-21,946.25,Starbucks,New York,Online Payment,0
836,2025-12-06,165.01,Amazon,Miami,Credit Card,1
837,2024-03-18,1171.61,Best Buy,Boston,Online Payment,0
838,2025-01-07,170.37,Apple Store,San Francisco,Debit Card,0
839,2025-11-23,880.05,Netflix,New York,Debit Card,0
840,2025-08-10,1246.4,Apple Store,Chicago,Mobile Pay,0
841,2025-02-28,1612.08,Netflix,Dallas,Debit Card,0
842,2024-06-05,790.19,Starbucks,Seattle,Online Payment,0
843,2026-02-07,1960.84,Apple Store,Chicago,Mobile Pay,0
844,2024-07-22,356.23,eBay,Boston,Debit Card,1
845,2024-10-29,729.38,Starbucks,New York,Online Payment,0
846,2026-01-03,1614.22,Netflix,Boston,Mobile Pay,0
847,2024-08-23,832.96,Walmart,Los Angeles,Mobile Pay,0
848,2024-01-28,1885.86,Walmart,Boston,Online Payment,0
849,2024-06-22,872.81,Amazon,Los Angeles,Credit Card,1
850,2025-07-21,1114.67,Best Buy,Miami,Debit Card,1
851,2024-11-10,1411.87,Starbucks,Chicago,Debit Card,0
852,2025-03-22,496.37,Uber,Los Angeles,Mobile Pay,0
853,2025-01-10,815.5,Walmart,Miami,Credit Card,0
854,2025-07-10,144.29,Apple Store,Miami,Mobile Pay,0
855,2024-11-15,1757.31,Uber,New York,Credit Card,0
856,2024-08-10,1371.26,Starbucks,Chicago,Credit Card,0
857,2025-07-25,1720.16,Target,Chicago,Debit Card,0
858,2024-07-02,713.02,eBay,Miami,Online Payment,1
859,2025-11-01,1776.01,Target,Boston,Online Payment,0
860,2024-08-09,367.96,Apple Store,San Francisco,Online Payment,0
861,2024-09-09,140.89,Netflix,Chicago,Credit Card,0
862,2024-10-24,1601.76,Apple Store,Miami,Online Payment,0
863,2024-08-18,1072.87,eBay,New York,Online Payment,0
864,2024-06-27,1550.88,Best Buy,Los Angeles,Mobile Pay,1
865,2024-01-11,1446.09,Walmart,Seattle,Online Payment,0
866,2024-11-02,1056.04,eBay,Los Angeles,Credit Card,0
867,2024-08-21,1109.41,Uber,Miami,Debit Card,0
868,2025-09-04,1389.09,Starbucks,Chicago,Debit Card,0
869,2025-06-07,46.69,eBay,New York,Online Payment,0
870,2024-05-11,1464.19,Uber,Chicago,Online Payment,0
871,2024-09-17,584.7,Netflix,Los Angeles,Online Payment,0
872,2024-04-24,1691.11,Apple Store,New York,Debit Card,0
873,2024-07-27,1211.63,eBay,Chicago,Debit Card,0
874,2024-05-20,797.03,Walmart,Miami,Credit Card,0
875,2025-10-01,1107.35,Best Buy,Los Angeles,Debit Card,0
876,2026-02-20,1345.52,Apple Store,Seattle,Debit Card,0
877,2024-08-13,368.87,eBay,Seattle,Online Payment,0
878,2025-11-17,13.09,Best Buy,Dallas,Debit Card,0
879,2024-05-09,951.38,Starbucks,Chicago,Mobile Pay,0
880,2025-12-06,518.9,Uber,Chicago,Credit Card,0
881,2025-11-13,136.42,Walmart,Chicago,Online Payment,0
882,2024-11-08,1781.3,Apple Store,New York,Credit Card,0
883,2025-06-28,242.82,Uber,Los Angeles,Mobile Pay,0
884,2024-02-14,1934.8,Walmart,Seattle,Debit Card,0
885,2025-11-04,1350.23,Walmart,Miami,Credit Card,0
886,2024-03-08,1996.95,Walmart,Dallas,Online Payment,0
887,2025-09-21,1561.72,Amazon,New York,Mobile Pay,0
888,2024-04-13,1989.21,Starbucks,Los Angeles,Mobile Pay,0
889,2026-02-14,1975.37,Starbucks,Dallas,Debit Card,0
890,2024-03-27,1838.37,Apple Store,Boston,Online Payment,0
891,2025-02-15,982.84,Amazon,Chicago,Debit Card,0
892,2025-08-26,1970.31,eBay,Los Angeles,Credit Card,0
893,2024-07-11,1633.26,Netflix,San Francisco,Credit Card,0
894,2025-05-11,604.24,Starbucks,Seattle,Debit Card,0
895,2026-03-09,860.32,Uber,Boston,Debit Card,0
896,2025-04-26,601.25,eBay,San Francisco,Online Payment,1
897,2024-03-17,1715.69,Starbucks,Los Angeles,Debit Card,0
898,2026-01-05,1245.99,Starbucks,Dallas,Mobile Pay,1
899,2025-09-29,748.09,Uber,Miami,Credit Card,0
900,2024-03-25,682.39,Apple Store,Seattle,Online Payment,0
901,2024-01-16,422.33,Walmart,Boston,Online Payment,0
902,2025-05-28,1383.11,Target,Chicago,Mobile Pay,0
903,2025-02-03,1608.78,Apple Store,Dallas,Online Payment,1
904,2024-04-05,1773.85,Netflix,Boston,Online Payment,1
905,2025-12-02,1451.01,eBay,Dallas,Mobile Pay,0
906,2024-02-25,1316.91,Walmart,Los Angeles,Debit Card,0
907,2025-02-05,819.02,Best Buy,Boston,Credit Card,0
908,2026-03-04,173.72,Apple Store,Chicago,Debit Card,0
909,2025-09-09,1349.48,Target,New York,Debit Card,0
910,2025-11-10,977.04,Apple Store,Boston,Credit Card,1
911,2024-05-17,1950.48,Uber,Miami,Mobile Pay,0
912,2025-06-14,193.74,eBay,Boston,Online Payment,0
913,2026-03-05,1430.85,eBay,Chicago,Mobile Pay,0
914,2024-04-06,414.25,Netflix,New York,Online Payment,0
915,2024-08-31,1741.92,Netflix,Chicago,Mobile Pay,0
916,2025-03-30,340.37,Starbucks,New York,Online Payment,0
917,2025-04-17,1980.76,Walmart,Miami,Debit Card,0
918,2025-02-07,1094.87,Apple Store,Dallas,Online Payment,0
919,2025-06-02,1605.9,Netflix,Dallas,Debit Card,0
920,2025-02-01,368.16,Apple Store,Los Angeles,Mobile Pay,0
921,2025-09-06,709.43,Netflix,Dallas,Credit Card,0
922,2024-09-03,1432.46,Amazon,San Francisco,Debit Card,0
923,2024-01-19,1572.98,Starbucks,Dallas,Online Payment,0
924,2024-03-04,970.15,Target,Los Angeles,Online Payment,0
925,2026-02-25,1186.07,eBay,Seattle,Mobile Pay,0
926,2024-07-26,1701.31,eBay,Los Angeles,Credit Card,0
927,2025-12-30,1070.19,Uber,Boston,Credit Card,0
928,2026-03-27,843.8,Netflix,New York,Debit Card,0
929,2025-12-26,1714.87,Starbucks,New York,Online Payment,0
930,2025-07-04,1182.92,Target,Dallas,Credit Card,0
931,2025-06-25,1402.24,Starbucks,Los Angeles,Online Payment,0
932,2024-09-20,1791.7,Amazon,New York,Mobile Pay,0
933,2024-11-15,357.15,Target,Seattle,Online Payment,0
934,2025-04-18,735.22,Uber,Dallas,Online Payment,0
935,2024-07-02,823.68,Best Buy,Boston,Debit Card,0
936,2025-05-17,942.44,Target,Miami,Online Payment,0
937,2026-03-19,1456.01,Target,Chicago,Mobile Pay,0
938,2024-12-16,656.81,Target,Boston,Debit Card,1
939,2025-10-02,126.42,Target,Chicago,Debit Card,1
940,2025-09-19,510.11,Walmart,Boston,Debit Card,0
941,2026-01-17,285.05,Best Buy,Chicago,Online Payment,0
942,2025-09-24,843.44,Uber,San Francisco,Online Payment,0
943,2024-07-05,752.59,Netflix,San Francisco,Online Payment,1
944,2024-04-06,904.72,Apple Store,Dallas,Credit Card,0
945,2025-12-09,629.53,eBay,Chicago,Mobile Pay,0
946,2024-08-05,365.46,Walmart,New York,Debit Card,0
947,2024-03-02,679.56,Apple Store,Miami,Debit Card,0
948,2024-04-17,1820.91,Apple Store,Seattle,Online Payment,0
949,2026-01-08,950.78,Apple Store,Seattle,Debit Card,1
950,2024-05-29,183.08,Netflix,Miami,Mobile Pay,0
951,2026-01-13,496.14,eBay,San Francisco,Mobile Pay,1
952,2024-05-23,266.0,Apple Store,Chicago,Debit Card,0
953,2024-04-01,415.3,Netflix,San Francisco,Debit Card,0
954,2024-09-01,1734.27,Best Buy,Los Angeles,Online Payment,0
955,2024-06-13,1851.3,eBay,Seattle,Online Payment,0
956,2024-09-06,1927.5,Apple Store,New York,Online Payment,0
957,2024-10-12,1912.48,eBay,Boston,Credit Card,0
958,2025-12-18,357.4,Walmart,Boston,Mobile Pay,0
959,2024-11-27,1219.55,Starbucks,New York,Credit Card,0
960,2025-11-06,1487.02,Amazon,New York,Online Payment,0
961,2025-09-01,416.6,Starbucks,Seattle,Online Payment,0
962,2025-12-30,963.17,Uber,New York,Debit Card,0
963,2024-06-24,1610.15,eBay,New York,Online Payment,0
964,2026-01-29,868.91,Starbucks,Miami,Online Payment,0
965,2024-10-19,351.21,Best Buy,Dallas,Mobile Pay,0
966,2024-05-31,1931.33,Starbucks,Dallas,Credit Card,0
967,2026-02-07,815.99,eBay,New York,Debit Card,0
968,2026-01-08,956.76,Starbucks,Boston,Credit Card,0
969,2025-05-25,879.49,Netflix,Chicago,Credit Card,0
970,2025-03-05,1507.38,eBay,Dallas,Online Payment,0
971,2024-10-20,1034.8,Walmart,Los Angeles,Online Payment,1
972,2024-08-23,1464.07,Best Buy,Chicago,Credit Card,0
973,2025-01-18,1198.24,Best Buy,Los Angeles,Debit Card,0
974,2024-10-20,340.66,Amazon,Chicago,Online Payment,0
975,2024-07-15,1260.07,Starbucks,Dallas,Mobile Pay,0
976,2026-03-18,347.11,Netflix,Los Angeles,Online Payment,0
977,2025-01-30,1644.27,Amazon,Los Angeles,Credit Card,0
978,2026-02-15,1987.57,Starbucks,Los Angeles,Credit Card,0
979,2025-11-29,653.45,Amazon,New York,Mobile Pay,0
980,2025-11-04,267.45,eBay,New York,Debit Card,0
981,2025-08-11,1067.02,Netflix,New York,Online Payment,0
982,2026-02-16,1343.9,Uber,Chicago,Mobile Pay,0
983,2025-04-30,1043.92,Starbucks,Miami,Debit Card,0
984,2024-01-22,1279.9,Walmart,Chicago,Credit Card,0
985,2025-03-13,1881.75,Amazon,New York,Online Payment,0
986,2026-02-02,1031.08,Target,San Francisco,Mobile Pay,0
987,2024-09-02,373.14,Starbucks,Dallas,Online Payment,0
988,2024-12-29,1432.94,Amazon,Boston,Mobile Pay,0
989,2025-06-05,815.48,Walmart,Miami,Debit Card,0
990,2025-05-10,1710.13,Netflix,Miami,Mobile Pay,0
991,2024-09-20,1303.81,Amazon,Miami,Debit Card,0
992,2024-04-25,1359.76,Uber,Los Angeles,Mobile Pay,0
993,2025-02-22,385.77,Netflix,San Francisco,Credit Card,0
994,2024-12-15,1791.43,Walmart,Seattle,Online Payment,0
995,2025-07-16,1892.75,Target,Chicago,Online Payment,0
996,2025-12-30,1171.47,Netflix,Seattle,Debit Card,0
997,2025-03-14,751.59,Amazon,Miami,Mobile Pay,0
998,2025-06-03,109.01,Uber,Los Angeles,Online Payment,0
999,2024-05-22,1215.55,Best Buy,Miami,Online Payment,0
1000,2025-02-05,547.38,Uber,Los Angeles,Mobile Pay,0
